"","cities","no3","po4","sio3","temp","year","month"
"1","CalPoly",-274.552894909285,4533.8743370409,-27.150662359521,405.101371074504,NA,NA
"2","StearnsWharf",-36.5394948407882,441.853784056294,NA,NA,46.037391925275,NA
"3","SantaMonicaPier",NA,NA,4.61625386098458,NA,4.10991140358835,NA
"4","NewportPier",NA,1453.00085521043,NA,NA,NA,-62.3572432707984
"5","ScrippsPier",NA,NA,NA,NA,-10.1967201449379,-9.50540678603227
