algae,locationNewportPier,locationSantaMonicaPier,locationScrippsPier,locationStearnsWharf,no3,no2,sio3,temp,year,month
Pseudo-nitzchia,-9310.260350959816,-15270.559918081788,-15101.039463294515,-10041.261651878676,1643.741937473436,4315.878197345711,-824.0351747760271,-1271.8246747907344,-1368.1913529630608,NA
Alexandrium,-1568.445829328002,-1864.6119546019497,-1871.0686525611181,-1630.2051851534695,NA,NA,NA,NA,NA,45.534565861752384
