"","cities","no3","no2","sio3","temp","month","year","po4"
"1","CalPoly",1948.7004884558,-68585.8666489345,-1116.70465313022,-4748.62132199437,3099.12639444885,-6649.36370331124,NA
"2","StearnsWharf",3328.45298201212,-45624.1410098221,-2086.10292900074,NA,NA,-1517.04680657122,10812.3584196841
"3","SantaMonicaPier",12979.0309515478,NA,-1995.43821164754,NA,NA,1220.72842509365,NA
"4","NewportPier",4917.12959272179,-45677.9128504173,-2224.25460180037,-3937.86819313374,NA,NA,NA
"5","ScrippsPier",2202.08841445669,NA,-2646.76575306313,-1518.07440584098,NA,NA,NA
