"","Site","NO3","NO2","SiO3","PO4","Temp.","Month","Year","R-sq."
"1","CalPoly",2547.92981294316,-55271.8643913681,-1670.95253252765,NA,NA,3397.63295437621,-10255.7086722547,0.0606946467697057
"2","NewportPier",5006.02069190393,-45449.4200246149,-2395.45729355133,NA,-4097.10776433992,NA,NA,0.0668576016339202
"3","SantaMonicaPier",14089.8266690258,2852.32974631169,-2203.44942802351,NA,NA,NA,1140.45100124311,0.262379185972724
"4","ScrippsPier",2219.3782606236,NA,-2640.88091422432,NA,-1501.36998812614,NA,NA,0.0608495804260272
"5","StearnsWharf",3023.97968918225,-45828.0592062109,-2013.05663103729,12277.1662139896,NA,NA,-1537.44669738505,0.0506701583404949
